<?xml version="1.0" encoding="UTF-8"?>

<mule xmlns:workday="http://www.mulesoft.org/schema/mule/workday" xmlns:wsc="http://www.mulesoft.org/schema/mule/wsc"
	xmlns:tls="http://www.mulesoft.org/schema/mule/tls"
	xmlns:ee="http://www.mulesoft.org/schema/mule/ee/core" xmlns:http="http://www.mulesoft.org/schema/mule/http" xmlns="http://www.mulesoft.org/schema/mule/core" xmlns:doc="http://www.mulesoft.org/schema/mule/documentation" xmlns:xsi="http://www.w3.org/2001/XMLSchema-instance" xsi:schemaLocation="http://www.mulesoft.org/schema/mule/core http://www.mulesoft.org/schema/mule/core/current/mule.xsd
http://www.mulesoft.org/schema/mule/http http://www.mulesoft.org/schema/mule/http/current/mule-http.xsd
http://www.mulesoft.org/schema/mule/ee/core http://www.mulesoft.org/schema/mule/ee/core/current/mule-ee.xsd
http://www.mulesoft.org/schema/mule/tls http://www.mulesoft.org/schema/mule/tls/current/mule-tls.xsd
http://www.mulesoft.org/schema/mule/wsc http://www.mulesoft.org/schema/mule/wsc/current/mule-wsc.xsd
http://www.mulesoft.org/schema/mule/workday http://www.mulesoft.org/schema/mule/workday/current/mule-workday.xsd">
	<http:listener-config name="HTTP_Listener_config" doc:name="HTTP Listener config" doc:id="cd7e0f57-cfe7-4727-99a6-4e4b326b46f2" >
		<http:listener-connection host="0.0.0.0" port="8081" />
	</http:listener-config>
	<http:request-config name="HTTP_Request_configuration" doc:name="HTTP Request configuration" doc:id="31c28924-0672-4a6b-9484-05ae44adca5e" >
		<http:request-connection protocol="HTTPS" host="intgapi-sf.arccorp.com" port="443">
			<tls:context >
				<tls:trust-store insecure="true" />
			</tls:context>
		</http:request-connection>
	</http:request-config>
	<wsc:config name="Web_Service_Consumer_Config" doc:name="Web Service Consumer Config" doc:id="edeea806-59a5-47d0-a973-a6729e3563b7" >
		<wsc:connection wsdlLocation="https://wd2-impl-services1.workday.com/ccx/service/pacificlife1/Human_Resources/v35.2?wsdl" service="Human_ResourcesService" port="Human_Resources" address="https://wd2-impl-services1.workday.com/ccx/service/pacificlife1/Human_Resources/v35.2" >
			<wsc:web-service-security actor="http://schemas.xmlsoap.org/soap/actor/next" />
		</wsc:connection>
	</wsc:config>
	<flow name="testFlow" doc:id="c28c3547-e66d-47ac-9275-79721b246251" >
		<ee:transform doc:name="Transform Message" doc:id="0c8bf5a7-adc6-4fea-baf2-2c1b823a496d" >
			<ee:message >
				<ee:set-payload ><![CDATA[%dw 2.0
output application/xml
ns ns0 urn:com.workday/bsvc
---
{
	ns0#Get_Workers_Request: {
		ns0#Request_References: {
			ns0#Worker_Reference: {
				ns0#ID @(ns0#"type": payload.eType): payload.empId,
			}
		},
		ns0#Response_Filter: {
			ns0#As_Of_Effective_Date: "2021-05-05" as Date {
				format : "YYYY-dd-mm"
			},
			ns0#As_Of_Entry_DateTime: "2021-05-05T08:35:28" as DateTime,
			ns0#Page: payload.page,
			ns0#Count: payload.count
		},
		ns0#Response_Group: {
			ns0#Include_Reference: true,
			ns0#Include_Personal_Information: true,
			ns0#Include_Additional_Jobs: true,
			ns0#Include_Employment_Information: true,
			ns0#Include_Compensation: true,
			ns0#Include_Organizations: true,
			ns0#Exclude_Organization_Support_Role_Data: true,
			ns0#Exclude_Location_Hierarchies: true,
			ns0#Exclude_Cost_Centers: true,
			ns0#Exclude_Cost_Center_Hierarchies: true,
			ns0#Exclude_Companies: true,
			ns0#Exclude_Company_Hierarchies:true,
			ns0#Exclude_Matrix_Organizations: true,
			ns0#Exclude_Pay_Groups: true,
			ns0#Exclude_Regions: true,
			ns0#Exclude_Region_Hierarchies: true,
			ns0#Exclude_Supervisory_Organizations: true,
			ns0#Exclude_Teams: true,
			ns0#Exclude_Custom_Organizations: true,
			ns0#Include_Roles: true,
			ns0#Include_Management_Chain_Data: true,
			ns0#Include_Multiple_Managers_in_Management_Chain_Data: true,
			ns0#Include_Benefit_Enrollments: true,
			ns0#Include_Benefit_Eligibility: true,
			ns0#Include_Related_Persons: true,
			ns0#Include_Qualifications: true,
			ns0#Include_Employee_Review: true,
			ns0#Include_Goals: true,
			ns0#Include_Development_Items: true,
			ns0#Include_Skills: true,
			ns0#Include_Photo: true,
			ns0#Include_Worker_Documents: true,
			ns0#Include_Transaction_Log_Data: true,
			ns0#Include_Subevents_for_Corrected_Transaction: true,
			ns0#Include_Subevents_for_Rescinded_Transaction: true,
			ns0#Include_Succession_Profile: true,
			ns0#Include_Talent_Assessment: true,
			ns0#Include_Employee_Contract_Data: true,
			ns0#Include_Contracts_for_Terminated_Workers: true,
			ns0#Include_Collective_Agreement_Data: true,
			ns0#Include_Probation_Period_Data: true,
			ns0#Include_Extended_Employee_Contract_Details: true,
			ns0#Include_Feedback_Received: true,
			ns0#Include_User_Account: true,
			ns0#Include_Career: true,
			ns0#Include_Account_Provisioning: true,
			ns0#Include_Background_Check_Data: true,
			ns0#Include_Contingent_Worker_Tax_Authority_Form_Information: true,
			ns0#Exclude_Funds: true,
			ns0#Exclude_Fund_Hierarchies: true,
			ns0#Exclude_Grants: true,
			ns0#Exclude_Grant_Hierarchies: true,
			ns0#Exclude_Business_Units: true,
			ns0#Exclude_Business_Unit_Hierarchies: true,
			ns0#Exclude_Programs: true,
			ns0#Exclude_Program_Hierarchies: true,
			ns0#Exclude_Gifts: true,
			ns0#Exclude_Gift_Hierarchies: true
		}
	}
}]]></ee:set-payload>
			</ee:message>
		</ee:transform>
		<wsc:consume operation="Get_Workers" doc:name="Consume" doc:id="c51fd905-64fb-4b93-8bf4-a2c38d921153" config-ref="Web_Service_Consumer_Config">
			<wsc:message >
				<wsc:headers ><![CDATA[#[%dw 2.0
output application/xml
ns ns0 urn:com.workday/bsvc
ns wsse http://docs.oasis-open.org/wss/2004/01/oasis-200401-wss-wssecurity-secext-1.0.xsd
ns wsu http://docs.oasis-open.org/wss/2004/01/oasis-200401-wss-wssecurity-utility-1.0.xsd
---
{
	headers: {
		header: {
			wsse#Security: {
				wsse#UsernameToken @(wsu#Id: "UsernameToken-86F2FCCEFFBB80C4CD14820998755791"): {
					wsse#Username: "",
					wsse#Password @(Type: "http://docs.oasis-open.org/wss/2004/01/oasis-200401-wss-username-token-profile-1.0#PasswordText"): "",
					wsse#Nonce  @(EncodingType: "http://docs.oasis-open.org/wss/2004/01/oasis-200401-wss-soap-message-security-1.0#Base64Binary"): "asdfwrqwarqwr1+oA==",
					wsu#Ceated: "2016-12-18T22:24:30.575Z"
				}
			}
		}
	}
}]]]></wsc:headers>
			</wsc:message>
		</wsc:consume>
		<ee:transform doc:name="Transform Message" doc:id="0a20f69e-80cd-4e26-b26d-8b568889384f" >
			<ee:message >
				<ee:set-payload ><![CDATA[%dw 2.0
output application/json
---
payload]]></ee:set-payload>
			</ee:message>
		</ee:transform>
	</flow>
</mule>
