<?xml version="1.0"?>
<wsdl:definitions name="PL_EIAP_INFO.1" targetNamespace="http://xmlns.oracle.com/Enterprise/FSCM/service/PL_EIAP_INFO.1" xmlns:PL_EIAP_INFO_RESP.V1="http://xmlns.oracle.com/Enterprise/FSCM/schema/PL_EIAP_INFO_RESP.V1" xmlns:PL_EIAP_INFO_RQST.V1="http://xmlns.oracle.com/Enterprise/FSCM/schema/PL_EIAP_INFO_RQST.V1" xmlns:plnk="http://schemas.xmlsoap.org/ws/2003/05/partner-link/" xmlns:soap="http://schemas.xmlsoap.org/wsdl/soap/" xmlns:tns="http://xmlns.oracle.com/Enterprise/FSCM/service/PL_EIAP_INFO.1" xmlns:wsdl="http://schemas.xmlsoap.org/wsdl/" xmlns:wsp="http://schemas.xmlsoap.org/ws/2002/12/policy"><wsp:UsagePolicy wsdl:Required="true"/><plnk:partnerLinkType name="PL_EIAP_INFO_PartnerLinkType"><plnk:role name="PL_EIAP_INFO_Provider"><plnk:portType name="tns:PL_EIAP_INFO_PortType"/></plnk:role></plnk:partnerLinkType><wsdl:types><xsd:schema elementFormDefault="qualified" targetNamespace="http://xmlns.oracle.com/Enterprise/FSCM/schema/PL_EIAP_INFO_RQST.V1" xmlns="http://xmlns.oracle.com/Enterprise/FSCM/schema/PL_EIAP_INFO_RQST.V1" xmlns:xsd="http://www.w3.org/2001/XMLSchema"><xsd:element name="PL_EIAP_INFO_RQST" type="PL_EIAP_INFO_RQST_TypeShape"/><xsd:complexType name="PL_EIAP_INFO_RQST_TypeShape"><xsd:sequence><xsd:element name="FieldTypes" type="FieldTypes_TypeShape"/><xsd:element name="MsgData" type="MsgData_TypeShape"/></xsd:sequence></xsd:complexType><xsd:complexType name="FieldTypes_TypeShape"><xsd:all><xsd:element name="PL_EIAP_MSG" type="FieldTypesPL_EIAP_MSG_TypeShape"/><xsd:element name="PSCAMA" type="FieldTypesPSCAMA_TypeShape"/></xsd:all></xsd:complexType><xsd:complexType name="FieldTypesPL_EIAP_MSG_TypeShape"><xsd:sequence><xsd:element name="PL_CST_LGCY_SRCID" type="FieldTypesCharFieldType"/><xsd:element name="REFERENCE" type="FieldTypesCharFieldType"/></xsd:sequence><xsd:attribute fixed="R" name="class" type="xsd:string" use="required"/></xsd:complexType><xsd:complexType name="FieldTypesPSCAMA_TypeShape"><xsd:sequence><xsd:element minOccurs="0" name="LANGUAGE_CD" type="FieldTypesCharFieldType"/><xsd:element minOccurs="0" name="AUDIT_ACTN" type="FieldTypesCharFieldType"/><xsd:element minOccurs="0" name="BASE_LANGUAGE_CD" type="FieldTypesCharFieldType"/><xsd:element minOccurs="0" name="MSG_SEQ_FLG" type="FieldTypesCharFieldType"/><xsd:element minOccurs="0" name="PROCESS_INSTANCE" type="FieldTypesNumberFieldType"/><xsd:element minOccurs="0" name="PUBLISH_RULE_ID" type="FieldTypesCharFieldType"/><xsd:element minOccurs="0" name="MSGNODENAME" type="FieldTypesCharFieldType"/></xsd:sequence><xsd:attribute fixed="R" name="class" type="xsd:string" use="required"/></xsd:complexType><xsd:complexType name="FieldTypesCharFieldType"><xsd:attribute fixed="CHAR" name="type" type="xsd:string" use="required"/></xsd:complexType><xsd:complexType name="FieldTypesNumberFieldType"><xsd:attribute fixed="NUMBER" name="type" type="xsd:string" use="required"/></xsd:complexType><xsd:complexType name="FieldTypesDateFieldType"><xsd:attribute fixed="DATE" name="type" type="xsd:string" use="required"/></xsd:complexType><xsd:complexType name="FieldTypesTimeFieldType"><xsd:attribute fixed="TIME" name="type" type="xsd:string" use="required"/></xsd:complexType><xsd:complexType name="FieldTypesDateTimeFieldType"><xsd:attribute fixed="DATETIME" name="type" type="xsd:string" use="required"/></xsd:complexType><xsd:complexType name="FieldTypesImageRefFieldType"><xsd:attribute fixed="IMAGEREFERENCE" name="type" type="xsd:string" use="required"/></xsd:complexType><xsd:complexType name="MsgData_TypeShape"><xsd:sequence><xsd:element maxOccurs="unbounded" minOccurs="0" name="Transaction" type="Transaction_TypeShape"/></xsd:sequence></xsd:complexType><xsd:complexType name="Transaction_TypeShape"><xsd:all><xsd:element minOccurs="0" name="PL_EIAP_MSG" type="PL_EIAP_MSGMsgDataRecord_TypeShape"/><xsd:element name="PSCAMA" type="PSCAMAMsgDataRecord_TypeShape"/></xsd:all></xsd:complexType><xsd:complexType name="PL_EIAP_MSGMsgDataRecord_TypeShape"><xsd:sequence><xsd:element name="PL_CST_LGCY_SRCID" type="PL_CST_LGCY_SRCID_TypeShape"/><xsd:element name="REFERENCE" type="REFERENCE_TypeShape"/></xsd:sequence><xsd:attribute fixed="R" name="class" type="xsd:string" use="required"/></xsd:complexType><xsd:complexType name="PL_CST_LGCY_SRCID_TypeShape"><xsd:simpleContent><xsd:extension base="PL_CST_LGCY_SRCID_TypeDef"><xsd:attribute name="IsChanged" type="xsd:string" use="optional"/></xsd:extension></xsd:simpleContent></xsd:complexType><xsd:complexType name="REFERENCE_TypeShape"><xsd:simpleContent><xsd:extension base="REFERENCE_TypeDef"><xsd:attribute name="IsChanged" type="xsd:string" use="optional"/></xsd:extension></xsd:simpleContent></xsd:complexType><xsd:simpleType name="PL_CST_LGCY_SRCID_TypeDef"><xsd:annotation><xsd:documentation>/* Steve Clark - PL - 7/29/2014 */
/* FSPOC Design */
- CST File field

/* Steve Clark - PL - 9/20/2017 */
/* STRY0005332 */
- Added new label ID to use for External System ID identifiers.</xsd:documentation><xsd:documentation>PL_CST_LGCY_SRCID is a character of length 2. Allows Uppercase characters including numbers</xsd:documentation></xsd:annotation><xsd:restriction base="xsd:string"><xsd:maxLength value="2"/><xsd:whiteSpace value="preserve"/><xsd:pattern value="([A-Z]|[0-9]|\p{Z}|\p{P}|\p{Lu})*"/></xsd:restriction></xsd:simpleType><xsd:simpleType name="REFERENCE_TypeDef"><xsd:annotation><xsd:documentation>Field to show when a variable is a reference variable.</xsd:documentation><xsd:documentation>REFERENCE is a character of length 30. Allows Uppercase characters including numbers</xsd:documentation></xsd:annotation><xsd:restriction base="xsd:string"><xsd:maxLength value="30"/><xsd:whiteSpace value="preserve"/><xsd:pattern value="([A-Z]|[0-9]|\p{Z}|\p{P}|\p{Lu})*"/></xsd:restriction></xsd:simpleType><xsd:complexType name="PSCAMAMsgDataRecord_TypeShape"><xsd:sequence><xsd:element minOccurs="0" name="LANGUAGE_CD" type="LANGUAGE_CD_TypeShape"/><xsd:element minOccurs="0" name="AUDIT_ACTN" type="AUDIT_ACTN_TypeShape"/><xsd:element minOccurs="0" name="BASE_LANGUAGE_CD" type="BASE_LANGUAGE_CD_TypeShape"/><xsd:element minOccurs="0" name="MSG_SEQ_FLG" type="MSG_SEQ_FLG_TypeShape"/><xsd:element minOccurs="0" name="PROCESS_INSTANCE" type="PROCESS_INSTANCE_TypeShape"/><xsd:element minOccurs="0" name="PUBLISH_RULE_ID" type="PUBLISH_RULE_ID_TypeShape"/><xsd:element minOccurs="0" name="MSGNODENAME" type="MSGNODENAME_TypeShape"/></xsd:sequence><xsd:attribute fixed="R" name="class" type="xsd:string" use="required"/></xsd:complexType><xsd:complexType name="LANGUAGE_CD_TypeShape"><xsd:simpleContent><xsd:extension base="LANGUAGE_CD_TypeDef"><xsd:attribute name="IsChanged" type="xsd:string" use="optional"/></xsd:extension></xsd:simpleContent></xsd:complexType><xsd:complexType name="AUDIT_ACTN_TypeShape"><xsd:simpleContent><xsd:extension base="AUDIT_ACTN_TypeDef"><xsd:attribute name="IsChanged" type="xsd:string" use="optional"/></xsd:extension></xsd:simpleContent></xsd:complexType><xsd:complexType name="BASE_LANGUAGE_CD_TypeShape"><xsd:simpleContent><xsd:extension base="BASE_LANGUAGE_CD_TypeDef"><xsd:attribute name="IsChanged" type="xsd:string" use="optional"/></xsd:extension></xsd:simpleContent></xsd:complexType><xsd:complexType name="MSG_SEQ_FLG_TypeShape"><xsd:simpleContent><xsd:extension base="MSG_SEQ_FLG_TypeDef"><xsd:attribute name="IsChanged" type="xsd:string" use="optional"/></xsd:extension></xsd:simpleContent></xsd:complexType><xsd:complexType name="PROCESS_INSTANCE_TypeShape"><xsd:simpleContent><xsd:extension base="PROCESS_INSTANCE_TypeDef"><xsd:attribute name="IsChanged" type="xsd:string" use="optional"/></xsd:extension></xsd:simpleContent></xsd:complexType><xsd:complexType name="PUBLISH_RULE_ID_TypeShape"><xsd:simpleContent><xsd:extension base="PUBLISH_RULE_ID_TypeDef"><xsd:attribute name="IsChanged" type="xsd:string" use="optional"/></xsd:extension></xsd:simpleContent></xsd:complexType><xsd:complexType name="MSGNODENAME_TypeShape"><xsd:simpleContent><xsd:extension base="MSGNODENAME_TypeDef"><xsd:attribute name="IsChanged" type="xsd:string" use="optional"/></xsd:extension></xsd:simpleContent></xsd:complexType><xsd:simpleType name="LANGUAGE_CD_TypeDef"><xsd:annotation><xsd:documentation>Language Code</xsd:documentation><xsd:documentation>LANGUAGE_CD is a character of length 3. Allows Uppercase characters including numbers</xsd:documentation></xsd:annotation><xsd:restriction base="xsd:string"><xsd:maxLength value="3"/><xsd:whiteSpace value="preserve"/></xsd:restriction></xsd:simpleType><xsd:simpleType name="AUDIT_ACTN_TypeDef"><xsd:annotation><xsd:documentation>Audit Action Code for Application Messages.  This tells the subscriber whether the row has been added, changed, or deleted.</xsd:documentation><xsd:documentation>AUDIT_ACTN is a character of length 1. Allows Uppercase characters including numbers</xsd:documentation></xsd:annotation><xsd:restriction base="xsd:string"><xsd:maxLength value="1"/><xsd:whiteSpace value="preserve"/></xsd:restriction></xsd:simpleType><xsd:simpleType name="BASE_LANGUAGE_CD_TypeDef"><xsd:annotation><xsd:documentation>BASE_LANGUAGE_CD is a character of length 3. Allows Uppercase characters including numbers</xsd:documentation></xsd:annotation><xsd:restriction base="xsd:string"><xsd:maxLength value="3"/><xsd:whiteSpace value="preserve"/><xsd:pattern value="([A-Z]|[0-9]|\p{Z}|\p{P}|\p{Lu})*"/></xsd:restriction></xsd:simpleType><xsd:simpleType name="MSG_SEQ_FLG_TypeDef"><xsd:annotation><xsd:documentation>MSG_SEQ_FLG is a character of length 1. Allows Uppercase characters including numbers</xsd:documentation></xsd:annotation><xsd:restriction base="xsd:string"><xsd:maxLength value="1"/><xsd:whiteSpace value="preserve"/><xsd:pattern value="([A-Z]|[0-9]|\p{Z}|\p{P}|\p{Lu})*"/></xsd:restriction></xsd:simpleType><xsd:simpleType name="PROCESS_INSTANCE_TypeDef"><xsd:annotation><xsd:documentation>Process Instance</xsd:documentation><xsd:documentation>PROCESS_INSTANCE is a number of length 10 with a decimal position of 0</xsd:documentation></xsd:annotation><xsd:restriction base="xsd:integer"><xsd:totalDigits value="10"/></xsd:restriction></xsd:simpleType><xsd:simpleType name="PUBLISH_RULE_ID_TypeDef"><xsd:annotation><xsd:documentation>Publish Rule ID</xsd:documentation><xsd:documentation>PUBLISH_RULE_ID is a character of length 30. Allows Uppercase characters including numbers</xsd:documentation></xsd:annotation><xsd:restriction base="xsd:string"><xsd:maxLength value="30"/><xsd:whiteSpace value="preserve"/><xsd:pattern value="([A-Z]|[0-9]|\p{Z}|\p{P}|\p{Lu})*"/></xsd:restriction></xsd:simpleType><xsd:simpleType name="MSGNODENAME_TypeDef"><xsd:annotation><xsd:documentation>Application Message Node Name.  Name of the Application Message Node Definition.</xsd:documentation><xsd:documentation>MSGNODENAME is a character of length 30. Allows Uppercase characters including numbers</xsd:documentation></xsd:annotation><xsd:restriction base="xsd:string"><xsd:maxLength value="30"/><xsd:whiteSpace value="preserve"/><xsd:pattern value="([A-Z]|[0-9]|\p{Z}|\p{P}|\p{Lu})*"/></xsd:restriction></xsd:simpleType></xsd:schema><xsd:schema elementFormDefault="qualified" targetNamespace="http://xmlns.oracle.com/Enterprise/FSCM/schema/PL_EIAP_INFO_RESP.V1" xmlns="http://xmlns.oracle.com/Enterprise/FSCM/schema/PL_EIAP_INFO_RESP.V1" xmlns:xsd="http://www.w3.org/2001/XMLSchema"><xsd:element name="PL_EIAP_INFO_RESP" type="PL_EIAP_INFO_RESP_TypeShape"/><xsd:complexType name="PL_EIAP_INFO_RESP_TypeShape"><xsd:sequence><xsd:element name="FieldTypes" type="FieldTypes_TypeShape"/><xsd:element name="MsgData" type="MsgData_TypeShape"/></xsd:sequence></xsd:complexType><xsd:complexType name="FieldTypes_TypeShape"><xsd:all><xsd:element name="PL_EIAP_MSG" type="FieldTypesPL_EIAP_MSG_TypeShape"/><xsd:element name="PSCAMA" type="FieldTypesPSCAMA_TypeShape"/></xsd:all></xsd:complexType><xsd:complexType name="FieldTypesPL_EIAP_MSG_TypeShape"><xsd:sequence><xsd:element name="PL_CST_LGCY_SRCID" type="FieldTypesCharFieldType"/><xsd:element name="REFERENCE" type="FieldTypesCharFieldType"/><xsd:element name="BUSINESS_UNIT" type="FieldTypesCharFieldType"/><xsd:element name="VOUCHER_ID" type="FieldTypesCharFieldType"/><xsd:element minOccurs="0" name="INVOICE_ID" type="FieldTypesCharFieldType"/><xsd:element minOccurs="0" name="INVOICE_DT" type="FieldTypesDateFieldType"/><xsd:element minOccurs="0" name="VENDOR_ID" type="FieldTypesCharFieldType"/><xsd:element minOccurs="0" name="ORIGIN" type="FieldTypesCharFieldType"/><xsd:element minOccurs="0" name="PL_CST_REV_VCHR" type="FieldTypesCharFieldType"/><xsd:element minOccurs="0" name="VALID_FLAG" type="FieldTypesCharFieldType"/><xsd:element minOccurs="0" name="MESSAGE_DESCR" type="FieldTypesCharFieldType"/></xsd:sequence><xsd:attribute fixed="R" name="class" type="xsd:string" use="required"/></xsd:complexType><xsd:complexType name="FieldTypesPSCAMA_TypeShape"><xsd:sequence><xsd:element minOccurs="0" name="LANGUAGE_CD" type="FieldTypesCharFieldType"/><xsd:element minOccurs="0" name="AUDIT_ACTN" type="FieldTypesCharFieldType"/><xsd:element minOccurs="0" name="BASE_LANGUAGE_CD" type="FieldTypesCharFieldType"/><xsd:element minOccurs="0" name="MSG_SEQ_FLG" type="FieldTypesCharFieldType"/><xsd:element minOccurs="0" name="PROCESS_INSTANCE" type="FieldTypesNumberFieldType"/><xsd:element minOccurs="0" name="PUBLISH_RULE_ID" type="FieldTypesCharFieldType"/><xsd:element minOccurs="0" name="MSGNODENAME" type="FieldTypesCharFieldType"/></xsd:sequence><xsd:attribute fixed="R" name="class" type="xsd:string" use="required"/></xsd:complexType><xsd:complexType name="FieldTypesCharFieldType"><xsd:attribute fixed="CHAR" name="type" type="xsd:string" use="required"/></xsd:complexType><xsd:complexType name="FieldTypesNumberFieldType"><xsd:attribute fixed="NUMBER" name="type" type="xsd:string" use="required"/></xsd:complexType><xsd:complexType name="FieldTypesDateFieldType"><xsd:attribute fixed="DATE" name="type" type="xsd:string" use="required"/></xsd:complexType><xsd:complexType name="FieldTypesTimeFieldType"><xsd:attribute fixed="TIME" name="type" type="xsd:string" use="required"/></xsd:complexType><xsd:complexType name="FieldTypesDateTimeFieldType"><xsd:attribute fixed="DATETIME" name="type" type="xsd:string" use="required"/></xsd:complexType><xsd:complexType name="FieldTypesImageRefFieldType"><xsd:attribute fixed="IMAGEREFERENCE" name="type" type="xsd:string" use="required"/></xsd:complexType><xsd:complexType name="MsgData_TypeShape"><xsd:sequence><xsd:element maxOccurs="unbounded" minOccurs="0" name="Transaction" type="Transaction_TypeShape"/></xsd:sequence></xsd:complexType><xsd:complexType name="Transaction_TypeShape"><xsd:all><xsd:element minOccurs="0" name="PL_EIAP_MSG" type="PL_EIAP_MSGMsgDataRecord_TypeShape"/><xsd:element name="PSCAMA" type="PSCAMAMsgDataRecord_TypeShape"/></xsd:all></xsd:complexType><xsd:complexType name="PL_EIAP_MSGMsgDataRecord_TypeShape"><xsd:sequence><xsd:element name="PL_CST_LGCY_SRCID" type="PL_CST_LGCY_SRCID_TypeShape"/><xsd:element name="REFERENCE" type="REFERENCE_TypeShape"/><xsd:element name="BUSINESS_UNIT" type="BUSINESS_UNIT_TypeShape"/><xsd:element name="VOUCHER_ID" type="VOUCHER_ID_TypeShape"/><xsd:element minOccurs="0" name="INVOICE_ID" type="INVOICE_ID_TypeShape"/><xsd:element minOccurs="0" name="INVOICE_DT" type="INVOICE_DT_TypeShape"/><xsd:element minOccurs="0" name="VENDOR_ID" type="VENDOR_ID_TypeShape"/><xsd:element minOccurs="0" name="ORIGIN" type="ORIGIN_TypeShape"/><xsd:element minOccurs="0" name="PL_CST_REV_VCHR" type="PL_CST_REV_VCHR_TypeShape"/><xsd:element minOccurs="0" name="VALID_FLAG" type="VALID_FLAG_TypeShape"/><xsd:element minOccurs="0" name="MESSAGE_DESCR" type="MESSAGE_DESCR_TypeShape"/></xsd:sequence><xsd:attribute fixed="R" name="class" type="xsd:string" use="required"/></xsd:complexType><xsd:complexType name="PL_CST_LGCY_SRCID_TypeShape"><xsd:simpleContent><xsd:extension base="PL_CST_LGCY_SRCID_TypeDef"><xsd:attribute name="IsChanged" type="xsd:string" use="optional"/></xsd:extension></xsd:simpleContent></xsd:complexType><xsd:complexType name="REFERENCE_TypeShape"><xsd:simpleContent><xsd:extension base="REFERENCE_TypeDef"><xsd:attribute name="IsChanged" type="xsd:string" use="optional"/></xsd:extension></xsd:simpleContent></xsd:complexType><xsd:complexType name="BUSINESS_UNIT_TypeShape"><xsd:simpleContent><xsd:extension base="BUSINESS_UNIT_TypeDef"><xsd:attribute name="IsChanged" type="xsd:string" use="optional"/></xsd:extension></xsd:simpleContent></xsd:complexType><xsd:complexType name="VOUCHER_ID_TypeShape"><xsd:simpleContent><xsd:extension base="VOUCHER_ID_TypeDef"><xsd:attribute name="IsChanged" type="xsd:string" use="optional"/></xsd:extension></xsd:simpleContent></xsd:complexType><xsd:complexType name="INVOICE_ID_TypeShape"><xsd:simpleContent><xsd:extension base="INVOICE_ID_TypeDef"><xsd:attribute name="IsChanged" type="xsd:string" use="optional"/></xsd:extension></xsd:simpleContent></xsd:complexType><xsd:complexType name="INVOICE_DT_TypeShape"><xsd:simpleContent><xsd:extension base="INVOICE_DT_TypeDef"><xsd:attribute name="IsChanged" type="xsd:string" use="optional"/></xsd:extension></xsd:simpleContent></xsd:complexType><xsd:complexType name="VENDOR_ID_TypeShape"><xsd:simpleContent><xsd:extension base="VENDOR_ID_TypeDef"><xsd:attribute name="IsChanged" type="xsd:string" use="optional"/></xsd:extension></xsd:simpleContent></xsd:complexType><xsd:complexType name="ORIGIN_TypeShape"><xsd:simpleContent><xsd:extension base="ORIGIN_TypeDef"><xsd:attribute name="IsChanged" type="xsd:string" use="optional"/></xsd:extension></xsd:simpleContent></xsd:complexType><xsd:complexType name="PL_CST_REV_VCHR_TypeShape"><xsd:simpleContent><xsd:extension base="PL_CST_REV_VCHR_TypeDef"><xsd:attribute name="IsChanged" type="xsd:string" use="optional"/></xsd:extension></xsd:simpleContent></xsd:complexType><xsd:complexType name="VALID_FLAG_TypeShape"><xsd:simpleContent><xsd:extension base="VALID_FLAG_TypeDef"><xsd:attribute name="IsChanged" type="xsd:string" use="optional"/></xsd:extension></xsd:simpleContent></xsd:complexType><xsd:complexType name="MESSAGE_DESCR_TypeShape"><xsd:simpleContent><xsd:extension base="MESSAGE_DESCR_TypeDef"><xsd:attribute name="IsChanged" type="xsd:string" use="optional"/></xsd:extension></xsd:simpleContent></xsd:complexType><xsd:simpleType name="PL_CST_LGCY_SRCID_TypeDef"><xsd:annotation><xsd:documentation>/* Steve Clark - PL - 7/29/2014 */
/* FSPOC Design */
- CST File field

/* Steve Clark - PL - 9/20/2017 */
/* STRY0005332 */
- Added new label ID to use for External System ID identifiers.</xsd:documentation><xsd:documentation>PL_CST_LGCY_SRCID is a character of length 2. Allows Uppercase characters including numbers</xsd:documentation></xsd:annotation><xsd:restriction base="xsd:string"><xsd:maxLength value="2"/><xsd:whiteSpace value="preserve"/><xsd:pattern value="([A-Z]|[0-9]|\p{Z}|\p{P}|\p{Lu})*"/></xsd:restriction></xsd:simpleType><xsd:simpleType name="REFERENCE_TypeDef"><xsd:annotation><xsd:documentation>Field to show when a variable is a reference variable.</xsd:documentation><xsd:documentation>REFERENCE is a character of length 30. Allows Uppercase characters including numbers</xsd:documentation></xsd:annotation><xsd:restriction base="xsd:string"><xsd:maxLength value="30"/><xsd:whiteSpace value="preserve"/><xsd:pattern value="([A-Z]|[0-9]|\p{Z}|\p{P}|\p{Lu})*"/></xsd:restriction></xsd:simpleType><xsd:simpleType name="BUSINESS_UNIT_TypeDef"><xsd:annotation><xsd:documentation>Business Unit</xsd:documentation><xsd:documentation>BUSINESS_UNIT is a character of length 5. Allows Uppercase characters including numbers</xsd:documentation></xsd:annotation><xsd:restriction base="xsd:string"><xsd:maxLength value="5"/><xsd:whiteSpace value="preserve"/><xsd:pattern value="([A-Z]|[0-9]|\p{Z}|\p{P}|\p{Lu})*"/></xsd:restriction></xsd:simpleType><xsd:simpleType name="VOUCHER_ID_TypeDef"><xsd:annotation><xsd:documentation>Voucher ID                    </xsd:documentation><xsd:documentation>VOUCHER_ID is a character of length 8. Allows Uppercase characters including numbers</xsd:documentation></xsd:annotation><xsd:restriction base="xsd:string"><xsd:maxLength value="8"/><xsd:whiteSpace value="preserve"/><xsd:pattern value="([A-Z]|[0-9]|\p{Z}|\p{P}|\p{Lu})*"/></xsd:restriction></xsd:simpleType><xsd:simpleType name="INVOICE_ID_TypeDef"><xsd:annotation><xsd:documentation>Invoice Number</xsd:documentation><xsd:documentation>INVOICE_ID is a character of length 30</xsd:documentation></xsd:annotation><xsd:restriction base="xsd:string"><xsd:maxLength value="30"/><xsd:whiteSpace value="preserve"/></xsd:restriction></xsd:simpleType><xsd:simpleType name="INVOICE_DT_TypeDef"><xsd:annotation><xsd:documentation>Invoice Date                  </xsd:documentation><xsd:documentation>INVOICE_DT is a date.</xsd:documentation></xsd:annotation><xsd:restriction base="xsd:date"><xsd:pattern value="(\d{4}-\d{2}-\d{2})"/></xsd:restriction></xsd:simpleType><xsd:simpleType name="VENDOR_ID_TypeDef"><xsd:annotation><xsd:documentation>Vendor Identifier</xsd:documentation><xsd:documentation>VENDOR_ID is a character of length 10. Allows Uppercase characters including numbers</xsd:documentation></xsd:annotation><xsd:restriction base="xsd:string"><xsd:maxLength value="10"/><xsd:whiteSpace value="preserve"/><xsd:pattern value="([A-Z]|[0-9]|\p{Z}|\p{P}|\p{Lu})*"/></xsd:restriction></xsd:simpleType><xsd:simpleType name="ORIGIN_TypeDef"><xsd:annotation><xsd:documentation>Origin                        </xsd:documentation><xsd:documentation>ORIGIN is a character of length 3. Allows Uppercase characters including numbers</xsd:documentation></xsd:annotation><xsd:restriction base="xsd:string"><xsd:maxLength value="3"/><xsd:whiteSpace value="preserve"/><xsd:pattern value="([A-Z]|[0-9]|\p{Z}|\p{P}|\p{Lu})*"/></xsd:restriction></xsd:simpleType><xsd:simpleType name="PL_CST_REV_VCHR_TypeDef"><xsd:annotation><xsd:documentation>/* Steve Clark - PL - 7/29/2014 */
/* FSPOC Design */
- CST File field</xsd:documentation><xsd:documentation>PL_CST_REV_VCHR is a character of length 1. Allows Uppercase characters including numbers</xsd:documentation></xsd:annotation><xsd:restriction base="xsd:string"><xsd:maxLength value="1"/><xsd:whiteSpace value="preserve"/><xsd:pattern value="([A-Z]|[0-9]|\p{Z}|\p{P}|\p{Lu})*"/></xsd:restriction></xsd:simpleType><xsd:simpleType name="VALID_FLAG_TypeDef"><xsd:annotation><xsd:documentation>Valid XLAT flag</xsd:documentation><xsd:documentation>VALID_FLAG is a character of length 1. Allows Uppercase characters including numbers</xsd:documentation></xsd:annotation><xsd:restriction base="xsd:string"><xsd:maxLength value="1"/><xsd:whiteSpace value="preserve"/><xsd:pattern value="([A-Z]|[0-9]|\p{Z}|\p{P}|\p{Lu})*"/></xsd:restriction></xsd:simpleType><xsd:simpleType name="MESSAGE_DESCR_TypeDef"><xsd:annotation><xsd:documentation>MESSAGE_DESCR is a character of length 0</xsd:documentation></xsd:annotation><xsd:restriction base="xsd:string"><xsd:whiteSpace value="preserve"/></xsd:restriction></xsd:simpleType><xsd:complexType name="PSCAMAMsgDataRecord_TypeShape"><xsd:sequence><xsd:element minOccurs="0" name="LANGUAGE_CD" type="LANGUAGE_CD_TypeShape"/><xsd:element minOccurs="0" name="AUDIT_ACTN" type="AUDIT_ACTN_TypeShape"/><xsd:element minOccurs="0" name="BASE_LANGUAGE_CD" type="BASE_LANGUAGE_CD_TypeShape"/><xsd:element minOccurs="0" name="MSG_SEQ_FLG" type="MSG_SEQ_FLG_TypeShape"/><xsd:element minOccurs="0" name="PROCESS_INSTANCE" type="PROCESS_INSTANCE_TypeShape"/><xsd:element minOccurs="0" name="PUBLISH_RULE_ID" type="PUBLISH_RULE_ID_TypeShape"/><xsd:element minOccurs="0" name="MSGNODENAME" type="MSGNODENAME_TypeShape"/></xsd:sequence><xsd:attribute fixed="R" name="class" type="xsd:string" use="required"/></xsd:complexType><xsd:complexType name="LANGUAGE_CD_TypeShape"><xsd:simpleContent><xsd:extension base="LANGUAGE_CD_TypeDef"><xsd:attribute name="IsChanged" type="xsd:string" use="optional"/></xsd:extension></xsd:simpleContent></xsd:complexType><xsd:complexType name="AUDIT_ACTN_TypeShape"><xsd:simpleContent><xsd:extension base="AUDIT_ACTN_TypeDef"><xsd:attribute name="IsChanged" type="xsd:string" use="optional"/></xsd:extension></xsd:simpleContent></xsd:complexType><xsd:complexType name="BASE_LANGUAGE_CD_TypeShape"><xsd:simpleContent><xsd:extension base="BASE_LANGUAGE_CD_TypeDef"><xsd:attribute name="IsChanged" type="xsd:string" use="optional"/></xsd:extension></xsd:simpleContent></xsd:complexType><xsd:complexType name="MSG_SEQ_FLG_TypeShape"><xsd:simpleContent><xsd:extension base="MSG_SEQ_FLG_TypeDef"><xsd:attribute name="IsChanged" type="xsd:string" use="optional"/></xsd:extension></xsd:simpleContent></xsd:complexType><xsd:complexType name="PROCESS_INSTANCE_TypeShape"><xsd:simpleContent><xsd:extension base="PROCESS_INSTANCE_TypeDef"><xsd:attribute name="IsChanged" type="xsd:string" use="optional"/></xsd:extension></xsd:simpleContent></xsd:complexType><xsd:complexType name="PUBLISH_RULE_ID_TypeShape"><xsd:simpleContent><xsd:extension base="PUBLISH_RULE_ID_TypeDef"><xsd:attribute name="IsChanged" type="xsd:string" use="optional"/></xsd:extension></xsd:simpleContent></xsd:complexType><xsd:complexType name="MSGNODENAME_TypeShape"><xsd:simpleContent><xsd:extension base="MSGNODENAME_TypeDef"><xsd:attribute name="IsChanged" type="xsd:string" use="optional"/></xsd:extension></xsd:simpleContent></xsd:complexType><xsd:simpleType name="LANGUAGE_CD_TypeDef"><xsd:annotation><xsd:documentation>Language Code</xsd:documentation><xsd:documentation>LANGUAGE_CD is a character of length 3. Allows Uppercase characters including numbers</xsd:documentation></xsd:annotation><xsd:restriction base="xsd:string"><xsd:maxLength value="3"/><xsd:whiteSpace value="preserve"/></xsd:restriction></xsd:simpleType><xsd:simpleType name="AUDIT_ACTN_TypeDef"><xsd:annotation><xsd:documentation>Audit Action Code for Application Messages.  This tells the subscriber whether the row has been added, changed, or deleted.</xsd:documentation><xsd:documentation>AUDIT_ACTN is a character of length 1. Allows Uppercase characters including numbers</xsd:documentation></xsd:annotation><xsd:restriction base="xsd:string"><xsd:maxLength value="1"/><xsd:whiteSpace value="preserve"/></xsd:restriction></xsd:simpleType><xsd:simpleType name="BASE_LANGUAGE_CD_TypeDef"><xsd:annotation><xsd:documentation>BASE_LANGUAGE_CD is a character of length 3. Allows Uppercase characters including numbers</xsd:documentation></xsd:annotation><xsd:restriction base="xsd:string"><xsd:maxLength value="3"/><xsd:whiteSpace value="preserve"/><xsd:pattern value="([A-Z]|[0-9]|\p{Z}|\p{P}|\p{Lu})*"/></xsd:restriction></xsd:simpleType><xsd:simpleType name="MSG_SEQ_FLG_TypeDef"><xsd:annotation><xsd:documentation>MSG_SEQ_FLG is a character of length 1. Allows Uppercase characters including numbers</xsd:documentation></xsd:annotation><xsd:restriction base="xsd:string"><xsd:maxLength value="1"/><xsd:whiteSpace value="preserve"/><xsd:pattern value="([A-Z]|[0-9]|\p{Z}|\p{P}|\p{Lu})*"/></xsd:restriction></xsd:simpleType><xsd:simpleType name="PROCESS_INSTANCE_TypeDef"><xsd:annotation><xsd:documentation>Process Instance</xsd:documentation><xsd:documentation>PROCESS_INSTANCE is a number of length 10 with a decimal position of 0</xsd:documentation></xsd:annotation><xsd:restriction base="xsd:integer"><xsd:totalDigits value="10"/></xsd:restriction></xsd:simpleType><xsd:simpleType name="PUBLISH_RULE_ID_TypeDef"><xsd:annotation><xsd:documentation>Publish Rule ID</xsd:documentation><xsd:documentation>PUBLISH_RULE_ID is a character of length 30. Allows Uppercase characters including numbers</xsd:documentation></xsd:annotation><xsd:restriction base="xsd:string"><xsd:maxLength value="30"/><xsd:whiteSpace value="preserve"/><xsd:pattern value="([A-Z]|[0-9]|\p{Z}|\p{P}|\p{Lu})*"/></xsd:restriction></xsd:simpleType><xsd:simpleType name="MSGNODENAME_TypeDef"><xsd:annotation><xsd:documentation>Application Message Node Name.  Name of the Application Message Node Definition.</xsd:documentation><xsd:documentation>MSGNODENAME is a character of length 30. Allows Uppercase characters including numbers</xsd:documentation></xsd:annotation><xsd:restriction base="xsd:string"><xsd:maxLength value="30"/><xsd:whiteSpace value="preserve"/><xsd:pattern value="([A-Z]|[0-9]|\p{Z}|\p{P}|\p{Lu})*"/></xsd:restriction></xsd:simpleType></xsd:schema></wsdl:types><wsdl:message name="PL_EIAP_INFO_RQST.V1"><wsdl:documentation>PacLife Ext Intg AP Request</wsdl:documentation><wsdl:part element="PL_EIAP_INFO_RQST.V1:PL_EIAP_INFO_RQST" name="parameter"/></wsdl:message><wsdl:message name="PL_EIAP_INFO_RESP.V1"><wsdl:documentation>PacLife Ext Intg AP Response</wsdl:documentation><wsdl:part element="PL_EIAP_INFO_RESP.V1:PL_EIAP_INFO_RESP" name="parameter"/></wsdl:message><wsdl:portType name="PL_EIAP_INFO_PortType"><wsdl:operation name="PL_EIAP_INFO"><wsdl:documentation>Version 1</wsdl:documentation><wsdl:input message="tns:PL_EIAP_INFO_RQST.V1" name="PL_EIAP_INFO_RQST.V1"/><wsdl:output message="tns:PL_EIAP_INFO_RESP.V1" name="PL_EIAP_INFO_RESP.V1"/></wsdl:operation></wsdl:portType><wsdl:binding name="PL_EIAP_INFO_Binding" type="tns:PL_EIAP_INFO_PortType"><soap:binding style="document" transport="http://schemas.xmlsoap.org/soap/http"/><wsdl:operation name="PL_EIAP_INFO"><soap:operation soapAction="PL_EIAP_INFO.V1" style="document"/><wsp:Policy wsu:Id="UsernameTokenSecurityPolicyPasswordOptional" xmlns:wsu="http://docs.oasis-open.org/wss/2004/01/oasis-200401-wss-wssecurity-utility-1.0.xsd"><wsp:ExactlyOne><wsp:All><wsse:SecurityToken wsp:Usage="wsp:Required" xmlns:wsse="http://docs.oasis-open.org/wss/2004/01/oasis-200401-wss-wssecurity-secext-1.0.xsd"><wsse:TokenType>wsse:UserNameToken</wsse:TokenType><Claims><SubjectName MatchType="wsse:Exact"/><UsePassword wsp:Usage="wsp:Optional"/></Claims></wsse:SecurityToken></wsp:All></wsp:ExactlyOne></wsp:Policy><wsdl:input name="PL_EIAP_INFO_RQST.V1"><soap:body encodingStyle="http://schemas.xmlsoap.org/soap/encoding/" use="literal"/></wsdl:input><wsdl:output name="PL_EIAP_INFO_RESP.V1"><soap:body encodingStyle="http://schemas.xmlsoap.org/soap/encoding/" use="literal"/></wsdl:output></wsdl:operation></wsdl:binding><wsdl:service name="PL_EIAP_INFO"><wsdl:documentation>PacLife Ext AP Info</wsdl:documentation><wsdl:port binding="tns:PL_EIAP_INFO_Binding" name="PL_EIAP_INFO_Port"><soap:address location="http://psfsstg.corp.pacificlife.net/PSIGW/PeopleSoftServiceListeningConnector/PSFT_EP"/></wsdl:port></wsdl:service></wsdl:definitions>