<?xml version="1.0"?>
<wsdl:definitions name="PL_EIAR_INFO.1" targetNamespace="http://xmlns.oracle.com/Enterprise/FSCM/service/PL_EIAR_INFO.1" xmlns:PL_EIAR_INFO_RESP.V1="http://xmlns.oracle.com/Enterprise/FSCM/schema/PL_EIAR_INFO_RESP.V1" xmlns:PL_EIAR_INFO_RQST.V1="http://xmlns.oracle.com/Enterprise/FSCM/schema/PL_EIAR_INFO_RQST.V1" xmlns:plnk="http://schemas.xmlsoap.org/ws/2003/05/partner-link/" xmlns:soap="http://schemas.xmlsoap.org/wsdl/soap/" xmlns:tns="http://xmlns.oracle.com/Enterprise/FSCM/service/PL_EIAR_INFO.1" xmlns:wsdl="http://schemas.xmlsoap.org/wsdl/" xmlns:wsp="http://schemas.xmlsoap.org/ws/2002/12/policy"><wsp:UsagePolicy wsdl:Required="true"/><plnk:partnerLinkType name="PL_EIAR_INFO_PartnerLinkType"><plnk:role name="PL_EIAR_INFO_Provider"><plnk:portType name="tns:PL_EIAR_INFO_PortType"/></plnk:role></plnk:partnerLinkType><wsdl:types><xsd:schema elementFormDefault="qualified" targetNamespace="http://xmlns.oracle.com/Enterprise/FSCM/schema/PL_EIAR_INFO_RQST.V1" xmlns="http://xmlns.oracle.com/Enterprise/FSCM/schema/PL_EIAR_INFO_RQST.V1" xmlns:xsd="http://www.w3.org/2001/XMLSchema"><xsd:element name="PL_EIAR_INFO_RQST" type="PL_EIAR_INFO_RQST_TypeShape"/><xsd:complexType name="PL_EIAR_INFO_RQST_TypeShape"><xsd:sequence><xsd:element name="FieldTypes" type="FieldTypes_TypeShape"/><xsd:element name="MsgData" type="MsgData_TypeShape"/></xsd:sequence></xsd:complexType><xsd:complexType name="FieldTypes_TypeShape"><xsd:all><xsd:element name="PL_EIAR_MSG" type="FieldTypesPL_EIAR_MSG_TypeShape"/><xsd:element name="PSCAMA" type="FieldTypesPSCAMA_TypeShape"/></xsd:all></xsd:complexType><xsd:complexType name="FieldTypesPL_EIAR_MSG_TypeShape"><xsd:sequence><xsd:element name="PL_CST_LGCY_SRCID" type="FieldTypesCharFieldType"/><xsd:element name="REFERENCE" type="FieldTypesCharFieldType"/></xsd:sequence><xsd:attribute fixed="R" name="class" type="xsd:string" use="required"/></xsd:complexType><xsd:complexType name="FieldTypesPSCAMA_TypeShape"><xsd:sequence><xsd:element minOccurs="0" name="LANGUAGE_CD" type="FieldTypesCharFieldType"/><xsd:element minOccurs="0" name="AUDIT_ACTN" type="FieldTypesCharFieldType"/><xsd:element minOccurs="0" name="BASE_LANGUAGE_CD" type="FieldTypesCharFieldType"/><xsd:element minOccurs="0" name="MSG_SEQ_FLG" type="FieldTypesCharFieldType"/><xsd:element minOccurs="0" name="PROCESS_INSTANCE" type="FieldTypesNumberFieldType"/><xsd:element minOccurs="0" name="PUBLISH_RULE_ID" type="FieldTypesCharFieldType"/><xsd:element minOccurs="0" name="MSGNODENAME" type="FieldTypesCharFieldType"/></xsd:sequence><xsd:attribute fixed="R" name="class" type="xsd:string" use="required"/></xsd:complexType><xsd:complexType name="FieldTypesCharFieldType"><xsd:attribute fixed="CHAR" name="type" type="xsd:string" use="required"/></xsd:complexType><xsd:complexType name="FieldTypesNumberFieldType"><xsd:attribute fixed="NUMBER" name="type" type="xsd:string" use="required"/></xsd:complexType><xsd:complexType name="FieldTypesDateFieldType"><xsd:attribute fixed="DATE" name="type" type="xsd:string" use="required"/></xsd:complexType><xsd:complexType name="FieldTypesTimeFieldType"><xsd:attribute fixed="TIME" name="type" type="xsd:string" use="required"/></xsd:complexType><xsd:complexType name="FieldTypesDateTimeFieldType"><xsd:attribute fixed="DATETIME" name="type" type="xsd:string" use="required"/></xsd:complexType><xsd:complexType name="FieldTypesImageRefFieldType"><xsd:attribute fixed="IMAGEREFERENCE" name="type" type="xsd:string" use="required"/></xsd:complexType><xsd:complexType name="MsgData_TypeShape"><xsd:sequence><xsd:element maxOccurs="unbounded" minOccurs="0" name="Transaction" type="Transaction_TypeShape"/></xsd:sequence></xsd:complexType><xsd:complexType name="Transaction_TypeShape"><xsd:all><xsd:element minOccurs="0" name="PL_EIAR_MSG" type="PL_EIAR_MSGMsgDataRecord_TypeShape"/><xsd:element name="PSCAMA" type="PSCAMAMsgDataRecord_TypeShape"/></xsd:all></xsd:complexType><xsd:complexType name="PL_EIAR_MSGMsgDataRecord_TypeShape"><xsd:sequence><xsd:element name="PL_CST_LGCY_SRCID" type="PL_CST_LGCY_SRCID_TypeShape"/><xsd:element name="REFERENCE" type="REFERENCE_TypeShape"/></xsd:sequence><xsd:attribute fixed="R" name="class" type="xsd:string" use="required"/></xsd:complexType><xsd:complexType name="PL_CST_LGCY_SRCID_TypeShape"><xsd:simpleContent><xsd:extension base="PL_CST_LGCY_SRCID_TypeDef"><xsd:attribute name="IsChanged" type="xsd:string" use="optional"/></xsd:extension></xsd:simpleContent></xsd:complexType><xsd:complexType name="REFERENCE_TypeShape"><xsd:simpleContent><xsd:extension base="REFERENCE_TypeDef"><xsd:attribute name="IsChanged" type="xsd:string" use="optional"/></xsd:extension></xsd:simpleContent></xsd:complexType><xsd:simpleType name="PL_CST_LGCY_SRCID_TypeDef"><xsd:annotation><xsd:documentation>/* Steve Clark - PL - 7/29/2014 */
/* FSPOC Design */
- CST File field

/* Steve Clark - PL - 9/20/2017 */
/* STRY0005332 */
- Added new label ID to use for External System ID identifiers.</xsd:documentation><xsd:documentation>PL_CST_LGCY_SRCID is a character of length 2. Allows Uppercase characters including numbers</xsd:documentation></xsd:annotation><xsd:restriction base="xsd:string"><xsd:maxLength value="2"/><xsd:whiteSpace value="preserve"/><xsd:pattern value="([A-Z]|[0-9]|\p{Z}|\p{P}|\p{Lu})*"/></xsd:restriction></xsd:simpleType><xsd:simpleType name="REFERENCE_TypeDef"><xsd:annotation><xsd:documentation>Field to show when a variable is a reference variable.</xsd:documentation><xsd:documentation>REFERENCE is a character of length 30. Allows Uppercase characters including numbers</xsd:documentation></xsd:annotation><xsd:restriction base="xsd:string"><xsd:maxLength value="30"/><xsd:whiteSpace value="preserve"/><xsd:pattern value="([A-Z]|[0-9]|\p{Z}|\p{P}|\p{Lu})*"/></xsd:restriction></xsd:simpleType><xsd:complexType name="PSCAMAMsgDataRecord_TypeShape"><xsd:sequence><xsd:element minOccurs="0" name="LANGUAGE_CD" type="LANGUAGE_CD_TypeShape"/><xsd:element minOccurs="0" name="AUDIT_ACTN" type="AUDIT_ACTN_TypeShape"/><xsd:element minOccurs="0" name="BASE_LANGUAGE_CD" type="BASE_LANGUAGE_CD_TypeShape"/><xsd:element minOccurs="0" name="MSG_SEQ_FLG" type="MSG_SEQ_FLG_TypeShape"/><xsd:element minOccurs="0" name="PROCESS_INSTANCE" type="PROCESS_INSTANCE_TypeShape"/><xsd:element minOccurs="0" name="PUBLISH_RULE_ID" type="PUBLISH_RULE_ID_TypeShape"/><xsd:element minOccurs="0" name="MSGNODENAME" type="MSGNODENAME_TypeShape"/></xsd:sequence><xsd:attribute fixed="R" name="class" type="xsd:string" use="required"/></xsd:complexType><xsd:complexType name="LANGUAGE_CD_TypeShape"><xsd:simpleContent><xsd:extension base="LANGUAGE_CD_TypeDef"><xsd:attribute name="IsChanged" type="xsd:string" use="optional"/></xsd:extension></xsd:simpleContent></xsd:complexType><xsd:complexType name="AUDIT_ACTN_TypeShape"><xsd:simpleContent><xsd:extension base="AUDIT_ACTN_TypeDef"><xsd:attribute name="IsChanged" type="xsd:string" use="optional"/></xsd:extension></xsd:simpleContent></xsd:complexType><xsd:complexType name="BASE_LANGUAGE_CD_TypeShape"><xsd:simpleContent><xsd:extension base="BASE_LANGUAGE_CD_TypeDef"><xsd:attribute name="IsChanged" type="xsd:string" use="optional"/></xsd:extension></xsd:simpleContent></xsd:complexType><xsd:complexType name="MSG_SEQ_FLG_TypeShape"><xsd:simpleContent><xsd:extension base="MSG_SEQ_FLG_TypeDef"><xsd:attribute name="IsChanged" type="xsd:string" use="optional"/></xsd:extension></xsd:simpleContent></xsd:complexType><xsd:complexType name="PROCESS_INSTANCE_TypeShape"><xsd:simpleContent><xsd:extension base="PROCESS_INSTANCE_TypeDef"><xsd:attribute name="IsChanged" type="xsd:string" use="optional"/></xsd:extension></xsd:simpleContent></xsd:complexType><xsd:complexType name="PUBLISH_RULE_ID_TypeShape"><xsd:simpleContent><xsd:extension base="PUBLISH_RULE_ID_TypeDef"><xsd:attribute name="IsChanged" type="xsd:string" use="optional"/></xsd:extension></xsd:simpleContent></xsd:complexType><xsd:complexType name="MSGNODENAME_TypeShape"><xsd:simpleContent><xsd:extension base="MSGNODENAME_TypeDef"><xsd:attribute name="IsChanged" type="xsd:string" use="optional"/></xsd:extension></xsd:simpleContent></xsd:complexType><xsd:simpleType name="LANGUAGE_CD_TypeDef"><xsd:annotation><xsd:documentation>Language Code</xsd:documentation><xsd:documentation>LANGUAGE_CD is a character of length 3. Allows Uppercase characters including numbers</xsd:documentation></xsd:annotation><xsd:restriction base="xsd:string"><xsd:maxLength value="3"/><xsd:whiteSpace value="preserve"/></xsd:restriction></xsd:simpleType><xsd:simpleType name="AUDIT_ACTN_TypeDef"><xsd:annotation><xsd:documentation>Audit Action Code for Application Messages.  This tells the subscriber whether the row has been added, changed, or deleted.</xsd:documentation><xsd:documentation>AUDIT_ACTN is a character of length 1. Allows Uppercase characters including numbers</xsd:documentation></xsd:annotation><xsd:restriction base="xsd:string"><xsd:maxLength value="1"/><xsd:whiteSpace value="preserve"/></xsd:restriction></xsd:simpleType><xsd:simpleType name="BASE_LANGUAGE_CD_TypeDef"><xsd:annotation><xsd:documentation>BASE_LANGUAGE_CD is a character of length 3. Allows Uppercase characters including numbers</xsd:documentation></xsd:annotation><xsd:restriction base="xsd:string"><xsd:maxLength value="3"/><xsd:whiteSpace value="preserve"/><xsd:pattern value="([A-Z]|[0-9]|\p{Z}|\p{P}|\p{Lu})*"/></xsd:restriction></xsd:simpleType><xsd:simpleType name="MSG_SEQ_FLG_TypeDef"><xsd:annotation><xsd:documentation>MSG_SEQ_FLG is a character of length 1. Allows Uppercase characters including numbers</xsd:documentation></xsd:annotation><xsd:restriction base="xsd:string"><xsd:maxLength value="1"/><xsd:whiteSpace value="preserve"/><xsd:pattern value="([A-Z]|[0-9]|\p{Z}|\p{P}|\p{Lu})*"/></xsd:restriction></xsd:simpleType><xsd:simpleType name="PROCESS_INSTANCE_TypeDef"><xsd:annotation><xsd:documentation>Process Instance</xsd:documentation><xsd:documentation>PROCESS_INSTANCE is a number of length 10 with a decimal position of 0</xsd:documentation></xsd:annotation><xsd:restriction base="xsd:integer"><xsd:totalDigits value="10"/></xsd:restriction></xsd:simpleType><xsd:simpleType name="PUBLISH_RULE_ID_TypeDef"><xsd:annotation><xsd:documentation>Publish Rule ID</xsd:documentation><xsd:documentation>PUBLISH_RULE_ID is a character of length 30. Allows Uppercase characters including numbers</xsd:documentation></xsd:annotation><xsd:restriction base="xsd:string"><xsd:maxLength value="30"/><xsd:whiteSpace value="preserve"/><xsd:pattern value="([A-Z]|[0-9]|\p{Z}|\p{P}|\p{Lu})*"/></xsd:restriction></xsd:simpleType><xsd:simpleType name="MSGNODENAME_TypeDef"><xsd:annotation><xsd:documentation>Application Message Node Name.  Name of the Application Message Node Definition.</xsd:documentation><xsd:documentation>MSGNODENAME is a character of length 30. Allows Uppercase characters including numbers</xsd:documentation></xsd:annotation><xsd:restriction base="xsd:string"><xsd:maxLength value="30"/><xsd:whiteSpace value="preserve"/><xsd:pattern value="([A-Z]|[0-9]|\p{Z}|\p{P}|\p{Lu})*"/></xsd:restriction></xsd:simpleType></xsd:schema><xsd:schema elementFormDefault="qualified" targetNamespace="http://xmlns.oracle.com/Enterprise/FSCM/schema/PL_EIAR_INFO_RESP.V1" xmlns="http://xmlns.oracle.com/Enterprise/FSCM/schema/PL_EIAR_INFO_RESP.V1" xmlns:xsd="http://www.w3.org/2001/XMLSchema"><xsd:element name="PL_EIAR_INFO_RESP" type="PL_EIAR_INFO_RESP_TypeShape"/><xsd:complexType name="PL_EIAR_INFO_RESP_TypeShape"><xsd:sequence><xsd:element name="FieldTypes" type="FieldTypes_TypeShape"/><xsd:element name="MsgData" type="MsgData_TypeShape"/></xsd:sequence></xsd:complexType><xsd:complexType name="FieldTypes_TypeShape"><xsd:all><xsd:element name="PL_EIAR_MSG" type="FieldTypesPL_EIAR_MSG_TypeShape"/><xsd:element name="PSCAMA" type="FieldTypesPSCAMA_TypeShape"/></xsd:all></xsd:complexType><xsd:complexType name="FieldTypesPL_EIAR_MSG_TypeShape"><xsd:sequence><xsd:element name="PL_CST_LGCY_SRCID" type="FieldTypesCharFieldType"/><xsd:element name="REFERENCE" type="FieldTypesCharFieldType"/><xsd:element name="DEPOSIT_BU" type="FieldTypesCharFieldType"/><xsd:element name="DEPOSIT_ID" type="FieldTypesCharFieldType"/><xsd:element name="PAYMENT_ID" type="FieldTypesCharFieldType"/><xsd:element minOccurs="0" name="ACCOUNTING_DT" type="FieldTypesDateFieldType"/><xsd:element minOccurs="0" name="PAYMENT_METHOD" type="FieldTypesCharFieldType"/><xsd:element minOccurs="0" name="PAYMENT_AMT" type="FieldTypesNumberFieldType"/><xsd:element minOccurs="0" name="VALID_FLAG" type="FieldTypesCharFieldType"/><xsd:element minOccurs="0" name="MESSAGE_DESCR" type="FieldTypesCharFieldType"/></xsd:sequence><xsd:attribute fixed="R" name="class" type="xsd:string" use="required"/></xsd:complexType><xsd:complexType name="FieldTypesPSCAMA_TypeShape"><xsd:sequence><xsd:element minOccurs="0" name="LANGUAGE_CD" type="FieldTypesCharFieldType"/><xsd:element minOccurs="0" name="AUDIT_ACTN" type="FieldTypesCharFieldType"/><xsd:element minOccurs="0" name="BASE_LANGUAGE_CD" type="FieldTypesCharFieldType"/><xsd:element minOccurs="0" name="MSG_SEQ_FLG" type="FieldTypesCharFieldType"/><xsd:element minOccurs="0" name="PROCESS_INSTANCE" type="FieldTypesNumberFieldType"/><xsd:element minOccurs="0" name="PUBLISH_RULE_ID" type="FieldTypesCharFieldType"/><xsd:element minOccurs="0" name="MSGNODENAME" type="FieldTypesCharFieldType"/></xsd:sequence><xsd:attribute fixed="R" name="class" type="xsd:string" use="required"/></xsd:complexType><xsd:complexType name="FieldTypesCharFieldType"><xsd:attribute fixed="CHAR" name="type" type="xsd:string" use="required"/></xsd:complexType><xsd:complexType name="FieldTypesNumberFieldType"><xsd:attribute fixed="NUMBER" name="type" type="xsd:string" use="required"/></xsd:complexType><xsd:complexType name="FieldTypesDateFieldType"><xsd:attribute fixed="DATE" name="type" type="xsd:string" use="required"/></xsd:complexType><xsd:complexType name="FieldTypesTimeFieldType"><xsd:attribute fixed="TIME" name="type" type="xsd:string" use="required"/></xsd:complexType><xsd:complexType name="FieldTypesDateTimeFieldType"><xsd:attribute fixed="DATETIME" name="type" type="xsd:string" use="required"/></xsd:complexType><xsd:complexType name="FieldTypesImageRefFieldType"><xsd:attribute fixed="IMAGEREFERENCE" name="type" type="xsd:string" use="required"/></xsd:complexType><xsd:complexType name="MsgData_TypeShape"><xsd:sequence><xsd:element maxOccurs="unbounded" minOccurs="0" name="Transaction" type="Transaction_TypeShape"/></xsd:sequence></xsd:complexType><xsd:complexType name="Transaction_TypeShape"><xsd:all><xsd:element minOccurs="0" name="PL_EIAR_MSG" type="PL_EIAR_MSGMsgDataRecord_TypeShape"/><xsd:element name="PSCAMA" type="PSCAMAMsgDataRecord_TypeShape"/></xsd:all></xsd:complexType><xsd:complexType name="PL_EIAR_MSGMsgDataRecord_TypeShape"><xsd:sequence><xsd:element name="PL_CST_LGCY_SRCID" type="PL_CST_LGCY_SRCID_TypeShape"/><xsd:element name="REFERENCE" type="REFERENCE_TypeShape"/><xsd:element name="DEPOSIT_BU" type="DEPOSIT_BU_TypeShape"/><xsd:element name="DEPOSIT_ID" type="DEPOSIT_ID_TypeShape"/><xsd:element name="PAYMENT_ID" type="PAYMENT_ID_TypeShape"/><xsd:element minOccurs="0" name="ACCOUNTING_DT" type="ACCOUNTING_DT_TypeShape"/><xsd:element minOccurs="0" name="PAYMENT_METHOD" type="PAYMENT_METHOD_TypeShape"/><xsd:element minOccurs="0" name="PAYMENT_AMT" type="PAYMENT_AMT_TypeShape"/><xsd:element minOccurs="0" name="VALID_FLAG" type="VALID_FLAG_TypeShape"/><xsd:element minOccurs="0" name="MESSAGE_DESCR" type="MESSAGE_DESCR_TypeShape"/></xsd:sequence><xsd:attribute fixed="R" name="class" type="xsd:string" use="required"/></xsd:complexType><xsd:complexType name="PL_CST_LGCY_SRCID_TypeShape"><xsd:simpleContent><xsd:extension base="PL_CST_LGCY_SRCID_TypeDef"><xsd:attribute name="IsChanged" type="xsd:string" use="optional"/></xsd:extension></xsd:simpleContent></xsd:complexType><xsd:complexType name="REFERENCE_TypeShape"><xsd:simpleContent><xsd:extension base="REFERENCE_TypeDef"><xsd:attribute name="IsChanged" type="xsd:string" use="optional"/></xsd:extension></xsd:simpleContent></xsd:complexType><xsd:complexType name="DEPOSIT_BU_TypeShape"><xsd:simpleContent><xsd:extension base="DEPOSIT_BU_TypeDef"><xsd:attribute name="IsChanged" type="xsd:string" use="optional"/></xsd:extension></xsd:simpleContent></xsd:complexType><xsd:complexType name="DEPOSIT_ID_TypeShape"><xsd:simpleContent><xsd:extension base="DEPOSIT_ID_TypeDef"><xsd:attribute name="IsChanged" type="xsd:string" use="optional"/></xsd:extension></xsd:simpleContent></xsd:complexType><xsd:complexType name="PAYMENT_ID_TypeShape"><xsd:simpleContent><xsd:extension base="PAYMENT_ID_TypeDef"><xsd:attribute name="IsChanged" type="xsd:string" use="optional"/></xsd:extension></xsd:simpleContent></xsd:complexType><xsd:complexType name="ACCOUNTING_DT_TypeShape"><xsd:simpleContent><xsd:extension base="ACCOUNTING_DT_TypeDef"><xsd:attribute name="IsChanged" type="xsd:string" use="optional"/></xsd:extension></xsd:simpleContent></xsd:complexType><xsd:complexType name="PAYMENT_METHOD_TypeShape"><xsd:simpleContent><xsd:extension base="PAYMENT_METHOD_TypeDef"><xsd:attribute name="IsChanged" type="xsd:string" use="optional"/></xsd:extension></xsd:simpleContent></xsd:complexType><xsd:complexType name="PAYMENT_AMT_TypeShape"><xsd:simpleContent><xsd:extension base="PAYMENT_AMT_TypeDef"><xsd:attribute name="IsChanged" type="xsd:string" use="optional"/></xsd:extension></xsd:simpleContent></xsd:complexType><xsd:complexType name="VALID_FLAG_TypeShape"><xsd:simpleContent><xsd:extension base="VALID_FLAG_TypeDef"><xsd:attribute name="IsChanged" type="xsd:string" use="optional"/></xsd:extension></xsd:simpleContent></xsd:complexType><xsd:complexType name="MESSAGE_DESCR_TypeShape"><xsd:simpleContent><xsd:extension base="MESSAGE_DESCR_TypeDef"><xsd:attribute name="IsChanged" type="xsd:string" use="optional"/></xsd:extension></xsd:simpleContent></xsd:complexType><xsd:simpleType name="PL_CST_LGCY_SRCID_TypeDef"><xsd:annotation><xsd:documentation>/* Steve Clark - PL - 7/29/2014 */
/* FSPOC Design */
- CST File field

/* Steve Clark - PL - 9/20/2017 */
/* STRY0005332 */
- Added new label ID to use for External System ID identifiers.</xsd:documentation><xsd:documentation>PL_CST_LGCY_SRCID is a character of length 2. Allows Uppercase characters including numbers</xsd:documentation></xsd:annotation><xsd:restriction base="xsd:string"><xsd:maxLength value="2"/><xsd:whiteSpace value="preserve"/><xsd:pattern value="([A-Z]|[0-9]|\p{Z}|\p{P}|\p{Lu})*"/></xsd:restriction></xsd:simpleType><xsd:simpleType name="REFERENCE_TypeDef"><xsd:annotation><xsd:documentation>Field to show when a variable is a reference variable.</xsd:documentation><xsd:documentation>REFERENCE is a character of length 30. Allows Uppercase characters including numbers</xsd:documentation></xsd:annotation><xsd:restriction base="xsd:string"><xsd:maxLength value="30"/><xsd:whiteSpace value="preserve"/><xsd:pattern value="([A-Z]|[0-9]|\p{Z}|\p{P}|\p{Lu})*"/></xsd:restriction></xsd:simpleType><xsd:simpleType name="DEPOSIT_BU_TypeDef"><xsd:annotation><xsd:documentation>Identifies the business unit to which a deposit is posted.</xsd:documentation><xsd:documentation>DEPOSIT_BU is a character of length 5. Allows Uppercase characters including numbers</xsd:documentation></xsd:annotation><xsd:restriction base="xsd:string"><xsd:maxLength value="5"/><xsd:whiteSpace value="preserve"/><xsd:pattern value="([A-Z]|[0-9]|\p{Z}|\p{P}|\p{Lu})*"/></xsd:restriction></xsd:simpleType><xsd:simpleType name="DEPOSIT_ID_TypeDef"><xsd:annotation><xsd:documentation>Uniquely identifies a deposit of customer payments.  The deposit ID can be manually assigned or system-generated.</xsd:documentation><xsd:documentation>DEPOSIT_ID is a character of length 15. Allows Uppercase characters including numbers</xsd:documentation></xsd:annotation><xsd:restriction base="xsd:string"><xsd:maxLength value="15"/><xsd:whiteSpace value="preserve"/><xsd:pattern value="([A-Z]|[0-9]|\p{Z}|\p{P}|\p{Lu})*"/></xsd:restriction></xsd:simpleType><xsd:simpleType name="PAYMENT_ID_TypeDef"><xsd:annotation><xsd:documentation>Identifies a customer payment.  This is usually a check number  but may be some other identifying number.</xsd:documentation><xsd:documentation>PAYMENT_ID is a character of length 15. Allows Uppercase characters including numbers</xsd:documentation></xsd:annotation><xsd:restriction base="xsd:string"><xsd:maxLength value="15"/><xsd:whiteSpace value="preserve"/><xsd:pattern value="([A-Z]|[0-9]|\p{Z}|\p{P}|\p{Lu})*"/></xsd:restriction></xsd:simpleType><xsd:simpleType name="ACCOUNTING_DT_TypeDef"><xsd:annotation><xsd:documentation>The accounting entry construction date for a given transaction (a generic field that crosses multiple</xsd:documentation><xsd:documentation>ACCOUNTING_DT is a date.</xsd:documentation></xsd:annotation><xsd:restriction base="xsd:date"><xsd:pattern value="(\d{4}-\d{2}-\d{2})"/></xsd:restriction></xsd:simpleType><xsd:simpleType name="PAYMENT_METHOD_TypeDef"><xsd:annotation><xsd:documentation>Specifies the preferred method of payment by a customer.  Examples of payment method are check  direct debit  and draft.
10/28/2003   edw   655070000 - Removed LTC and CSH xlats.

/* Steve Clark - PL - 9/15/2014 */
/* FSPOC Design */
- Added new translate values D (Deposit), ACH (ACH) and WRI (Wire-Incoming) for AR deposity payment methods.</xsd:documentation><xsd:documentation>PAYMENT_METHOD is a character of length 3. Allows Uppercase characters including numbers</xsd:documentation></xsd:annotation><xsd:restriction base="xsd:string"><xsd:maxLength value="3"/><xsd:whiteSpace value="preserve"/></xsd:restriction></xsd:simpleType><xsd:simpleType name="PAYMENT_AMT_TypeDef"><xsd:annotation><xsd:documentation>Specifies the amount of a customer payment.</xsd:documentation><xsd:documentation>PAYMENT_AMT is a number of length 28 with a decimal position of 3</xsd:documentation></xsd:annotation><xsd:restriction base="xsd:decimal"><xsd:fractionDigits value="3"/><xsd:totalDigits value="28"/></xsd:restriction></xsd:simpleType><xsd:simpleType name="VALID_FLAG_TypeDef"><xsd:annotation><xsd:documentation>Valid XLAT flag</xsd:documentation><xsd:documentation>VALID_FLAG is a character of length 1. Allows Uppercase characters including numbers</xsd:documentation></xsd:annotation><xsd:restriction base="xsd:string"><xsd:maxLength value="1"/><xsd:whiteSpace value="preserve"/><xsd:pattern value="([A-Z]|[0-9]|\p{Z}|\p{P}|\p{Lu})*"/></xsd:restriction></xsd:simpleType><xsd:simpleType name="MESSAGE_DESCR_TypeDef"><xsd:annotation><xsd:documentation>MESSAGE_DESCR is a character of length 0</xsd:documentation></xsd:annotation><xsd:restriction base="xsd:string"><xsd:whiteSpace value="preserve"/></xsd:restriction></xsd:simpleType><xsd:complexType name="PSCAMAMsgDataRecord_TypeShape"><xsd:sequence><xsd:element minOccurs="0" name="LANGUAGE_CD" type="LANGUAGE_CD_TypeShape"/><xsd:element minOccurs="0" name="AUDIT_ACTN" type="AUDIT_ACTN_TypeShape"/><xsd:element minOccurs="0" name="BASE_LANGUAGE_CD" type="BASE_LANGUAGE_CD_TypeShape"/><xsd:element minOccurs="0" name="MSG_SEQ_FLG" type="MSG_SEQ_FLG_TypeShape"/><xsd:element minOccurs="0" name="PROCESS_INSTANCE" type="PROCESS_INSTANCE_TypeShape"/><xsd:element minOccurs="0" name="PUBLISH_RULE_ID" type="PUBLISH_RULE_ID_TypeShape"/><xsd:element minOccurs="0" name="MSGNODENAME" type="MSGNODENAME_TypeShape"/></xsd:sequence><xsd:attribute fixed="R" name="class" type="xsd:string" use="required"/></xsd:complexType><xsd:complexType name="LANGUAGE_CD_TypeShape"><xsd:simpleContent><xsd:extension base="LANGUAGE_CD_TypeDef"><xsd:attribute name="IsChanged" type="xsd:string" use="optional"/></xsd:extension></xsd:simpleContent></xsd:complexType><xsd:complexType name="AUDIT_ACTN_TypeShape"><xsd:simpleContent><xsd:extension base="AUDIT_ACTN_TypeDef"><xsd:attribute name="IsChanged" type="xsd:string" use="optional"/></xsd:extension></xsd:simpleContent></xsd:complexType><xsd:complexType name="BASE_LANGUAGE_CD_TypeShape"><xsd:simpleContent><xsd:extension base="BASE_LANGUAGE_CD_TypeDef"><xsd:attribute name="IsChanged" type="xsd:string" use="optional"/></xsd:extension></xsd:simpleContent></xsd:complexType><xsd:complexType name="MSG_SEQ_FLG_TypeShape"><xsd:simpleContent><xsd:extension base="MSG_SEQ_FLG_TypeDef"><xsd:attribute name="IsChanged" type="xsd:string" use="optional"/></xsd:extension></xsd:simpleContent></xsd:complexType><xsd:complexType name="PROCESS_INSTANCE_TypeShape"><xsd:simpleContent><xsd:extension base="PROCESS_INSTANCE_TypeDef"><xsd:attribute name="IsChanged" type="xsd:string" use="optional"/></xsd:extension></xsd:simpleContent></xsd:complexType><xsd:complexType name="PUBLISH_RULE_ID_TypeShape"><xsd:simpleContent><xsd:extension base="PUBLISH_RULE_ID_TypeDef"><xsd:attribute name="IsChanged" type="xsd:string" use="optional"/></xsd:extension></xsd:simpleContent></xsd:complexType><xsd:complexType name="MSGNODENAME_TypeShape"><xsd:simpleContent><xsd:extension base="MSGNODENAME_TypeDef"><xsd:attribute name="IsChanged" type="xsd:string" use="optional"/></xsd:extension></xsd:simpleContent></xsd:complexType><xsd:simpleType name="LANGUAGE_CD_TypeDef"><xsd:annotation><xsd:documentation>Language Code</xsd:documentation><xsd:documentation>LANGUAGE_CD is a character of length 3. Allows Uppercase characters including numbers</xsd:documentation></xsd:annotation><xsd:restriction base="xsd:string"><xsd:maxLength value="3"/><xsd:whiteSpace value="preserve"/></xsd:restriction></xsd:simpleType><xsd:simpleType name="AUDIT_ACTN_TypeDef"><xsd:annotation><xsd:documentation>Audit Action Code for Application Messages.  This tells the subscriber whether the row has been added, changed, or deleted.</xsd:documentation><xsd:documentation>AUDIT_ACTN is a character of length 1. Allows Uppercase characters including numbers</xsd:documentation></xsd:annotation><xsd:restriction base="xsd:string"><xsd:maxLength value="1"/><xsd:whiteSpace value="preserve"/></xsd:restriction></xsd:simpleType><xsd:simpleType name="BASE_LANGUAGE_CD_TypeDef"><xsd:annotation><xsd:documentation>BASE_LANGUAGE_CD is a character of length 3. Allows Uppercase characters including numbers</xsd:documentation></xsd:annotation><xsd:restriction base="xsd:string"><xsd:maxLength value="3"/><xsd:whiteSpace value="preserve"/><xsd:pattern value="([A-Z]|[0-9]|\p{Z}|\p{P}|\p{Lu})*"/></xsd:restriction></xsd:simpleType><xsd:simpleType name="MSG_SEQ_FLG_TypeDef"><xsd:annotation><xsd:documentation>MSG_SEQ_FLG is a character of length 1. Allows Uppercase characters including numbers</xsd:documentation></xsd:annotation><xsd:restriction base="xsd:string"><xsd:maxLength value="1"/><xsd:whiteSpace value="preserve"/><xsd:pattern value="([A-Z]|[0-9]|\p{Z}|\p{P}|\p{Lu})*"/></xsd:restriction></xsd:simpleType><xsd:simpleType name="PROCESS_INSTANCE_TypeDef"><xsd:annotation><xsd:documentation>Process Instance</xsd:documentation><xsd:documentation>PROCESS_INSTANCE is a number of length 10 with a decimal position of 0</xsd:documentation></xsd:annotation><xsd:restriction base="xsd:integer"><xsd:totalDigits value="10"/></xsd:restriction></xsd:simpleType><xsd:simpleType name="PUBLISH_RULE_ID_TypeDef"><xsd:annotation><xsd:documentation>Publish Rule ID</xsd:documentation><xsd:documentation>PUBLISH_RULE_ID is a character of length 30. Allows Uppercase characters including numbers</xsd:documentation></xsd:annotation><xsd:restriction base="xsd:string"><xsd:maxLength value="30"/><xsd:whiteSpace value="preserve"/><xsd:pattern value="([A-Z]|[0-9]|\p{Z}|\p{P}|\p{Lu})*"/></xsd:restriction></xsd:simpleType><xsd:simpleType name="MSGNODENAME_TypeDef"><xsd:annotation><xsd:documentation>Application Message Node Name.  Name of the Application Message Node Definition.</xsd:documentation><xsd:documentation>MSGNODENAME is a character of length 30. Allows Uppercase characters including numbers</xsd:documentation></xsd:annotation><xsd:restriction base="xsd:string"><xsd:maxLength value="30"/><xsd:whiteSpace value="preserve"/><xsd:pattern value="([A-Z]|[0-9]|\p{Z}|\p{P}|\p{Lu})*"/></xsd:restriction></xsd:simpleType></xsd:schema></wsdl:types><wsdl:message name="PL_EIAR_INFO_RQST.V1"><wsdl:documentation>PacLife Ext Intg AR Request</wsdl:documentation><wsdl:part element="PL_EIAR_INFO_RQST.V1:PL_EIAR_INFO_RQST" name="parameter"/></wsdl:message><wsdl:message name="PL_EIAR_INFO_RESP.V1"><wsdl:documentation>PacLife Ext Intg AR Response</wsdl:documentation><wsdl:part element="PL_EIAR_INFO_RESP.V1:PL_EIAR_INFO_RESP" name="parameter"/></wsdl:message><wsdl:portType name="PL_EIAR_INFO_PortType"><wsdl:operation name="PL_EIAR_INFO"><wsdl:documentation>Version 1</wsdl:documentation><wsdl:input message="tns:PL_EIAR_INFO_RQST.V1" name="PL_EIAR_INFO_RQST.V1"/><wsdl:output message="tns:PL_EIAR_INFO_RESP.V1" name="PL_EIAR_INFO_RESP.V1"/></wsdl:operation></wsdl:portType><wsdl:binding name="PL_EIAR_INFO_Binding" type="tns:PL_EIAR_INFO_PortType"><soap:binding style="document" transport="http://schemas.xmlsoap.org/soap/http"/><wsdl:operation name="PL_EIAR_INFO"><soap:operation soapAction="PL_EIAR_INFO.V1" style="document"/><wsp:Policy wsu:Id="UsernameTokenSecurityPolicyPasswordOptional" xmlns:wsu="http://docs.oasis-open.org/wss/2004/01/oasis-200401-wss-wssecurity-utility-1.0.xsd"><wsp:ExactlyOne><wsp:All><wsse:SecurityToken wsp:Usage="wsp:Required" xmlns:wsse="http://docs.oasis-open.org/wss/2004/01/oasis-200401-wss-wssecurity-secext-1.0.xsd"><wsse:TokenType>wsse:UserNameToken</wsse:TokenType><Claims><SubjectName MatchType="wsse:Exact"/><UsePassword wsp:Usage="wsp:Optional"/></Claims></wsse:SecurityToken></wsp:All></wsp:ExactlyOne></wsp:Policy><wsdl:input name="PL_EIAR_INFO_RQST.V1"><soap:body encodingStyle="http://schemas.xmlsoap.org/soap/encoding/" use="literal"/></wsdl:input><wsdl:output name="PL_EIAR_INFO_RESP.V1"><soap:body encodingStyle="http://schemas.xmlsoap.org/soap/encoding/" use="literal"/></wsdl:output></wsdl:operation></wsdl:binding><wsdl:service name="PL_EIAR_INFO"><wsdl:documentation>PacLife Ext AR Info</wsdl:documentation><wsdl:port binding="tns:PL_EIAR_INFO_Binding" name="PL_EIAR_INFO_Port"><soap:address location="http://psfsstg.corp.pacificlife.net/PSIGW/PeopleSoftServiceListeningConnector/PSFT_EP"/></wsdl:port></wsdl:service></wsdl:definitions>