{
  "PL_BANK_ABA_INFO_RQST": {
    "FieldTypes": {
      "PL_BANK_ABA_MSG": {
        "SETID": "",
        "DFI_ID_NUM": ""
      },
      "PSCAMA": {
        "LANGUAGE_CD": "",
        "AUDIT_ACTN": "",
        "BASE_LANGUAGE_CD": "",
        "MSG_SEQ_FLG": "",
        "PROCESS_INSTANCE": "",
        "PUBLISH_RULE_ID": "",
        "MSGNODENAME": ""
      }
    },
    "MsgData": {
      "Transaction": {
        "PL_BANK_ABA_MSG": {
          "SETID": "?",
          "DFI_ID_NUM": "?"
        },
        "PSCAMA": {
          "LANGUAGE_CD": "?",
          "AUDIT_ACTN": "?",
          "BASE_LANGUAGE_CD": "?",
          "MSG_SEQ_FLG": "?",
          "PROCESS_INSTANCE": "?",
          "PUBLISH_RULE_ID": "?",
          "MSGNODENAME": "?"
        }
      }
    }
  }
}