{
  "PL_EIAR_INFO_RQST": {
    "FieldTypes": {
      "PL_EIAR_MSG": {
        "PL_CST_LGCY_SRCID": "",
        "REFERENCE": ""
      },
      "PSCAMA": {
        "LANGUAGE_CD": "",
        "AUDIT_ACTN": "",
        "BASE_LANGUAGE_CD": "",
        "MSG_SEQ_FLG": "",
        "PROCESS_INSTANCE": "",
        "PUBLISH_RULE_ID": "",
        "MSGNODENAME": ""
      }
    },
    "MsgData": {
      "Transaction": {
        "PL_EIAR_MSG": {
          "PL_CST_LGCY_SRCID": "?",
          "REFERENCE": "?"
        },
        "PSCAMA": {
          "LANGUAGE_CD": "?",
          "AUDIT_ACTN": "?",
          "BASE_LANGUAGE_CD": "?",
          "MSG_SEQ_FLG": "?",
          "PROCESS_INSTANCE": "?",
          "PUBLISH_RULE_ID": "?",
          "MSGNODENAME": "?"
        }
      }
    }
  }
}